Message,Important Observations,Important Scores,NPC Response,Time for Input,Time for Audio to Text,Time for Retrieval,Time for Response
Hey John!,"John Lin is a pharmacy shopkeeper at the Willow Market and Pharmacy who loves to help people.
John Lin and Tom Moreno are colleagues at The Willows Market and Pharmacy.
John Lin knows his neighbor, Yuriko Yamamoto, well.
John Lin loves his family very much.
John Lin knows the Moreno family somewhat well - the husband Tom Moreno and the wife Jane Moreno.
John Lin used emoji to express happiness and greeting.
John Lin responded to Katie in a friendly manner.
Katie initiated the conversation by addressing John Lin.
John Lin is proud of his family.
John Lin's son, Eddy, is studying music theory.","1.0
0.82
0.82
0.76
0.73
1.0
1.0
0.99
0.99
0.97","(Happy, Wave Hands)
Hey Katie! How's your day going? Anything exciting happening? How can I assist you today? ðŸ˜„ðŸ‘‹",3.02,0,2.54,1.19
Tell me about your family,"John Lin loves his family very much.
John Lin knows the Moreno family somewhat well - the husband Tom Moreno and the wife Jane Moreno.
John Lin is living with his wife, Mei Lin, who is a college professor, and son, Eddy Lin, who is a student studying music theory.
John Lin knows of his neighbors, Tamara Taylor and Carmen Ortiz, but has not met them before.
John Lin has known the old couple next-door, Sam Moore and Jennifer Moore, for a few years.
- John Lin asks about Katie's day and if anything exciting has happened.
John Lin is proud of his family.
- John Lin greets Katie with enthusiasm and excitement.
- John Lin offers his assistance to Katie.
John Lin's wife, Mei Lin, is a college professor.","1.0
0.69
0.63
0.54
0.47
1.0
0.99
0.98
0.97
0.93","(Confused, None)
Oh, my family is everything to me! I have a wife, Mei Lin, who is a college professor, and a son, Eddy, who studies music theory. How about yours?",8.97,0,1.76,1.16
Do you like music?,"John Lin is living with his wife, Mei Lin, who is a college professor, and son, Eddy Lin, who is a student studying music theory.
John Lin loves his family very much.
John Lin is a pharmacy shopkeeper at the Willow Market and Pharmacy who loves to help people.
He is always looking for ways to make the process of getting medication easier for his customers.
John Lin and Tom Moreno are friends and like to discuss local politics together.
John Lin's son, Eddy, studies music theory.
- John Lin asks about Katie's day and if anything exciting has happened.
John Lin mentions that his family is everything to him.
- John Lin greets Katie with enthusiasm and excitement.
John Lin's son, Eddy, is studying music theory.","1.0
0.75
0.64
0.49
0.47
1.0
0.96
0.95
0.95
0.94","(Happy, None)
I love music! It brings so much joy and emotion. What's your favorite genre? ðŸŽ¶",5.52,0,2.33,0.55
